amfi_code,scheme_name,cagr_3yr,sharpe_ratio,alpha,max_drawdown_pct,expense_ratio_pct,rank_return,rank_sharpe,rank_alpha,rank_expense,rank_drawdown,composite_score
100033,HDFC Mid-Cap Opportunities Fund - Regular - Growth,24.41,0.8083,27.1954,-16.22,1.38,92.5,85.0,87.5,60.0,50.0,80.5
148567,Mirae Asset Large Cap Fund - Regular - Growth,25.13,1.0682,26.9838,-11.27,1.46,97.5,100.0,85.0,45.0,20.0,80.0
120505,ICICI Pru Midcap Fund - Regular - Growth,15.72,0.8833,29.2636,-18.19,1.36,70.0,92.5,95.0,65.0,62.5,79.12
120843,Kotak Flexicap Fund - Regular - Growth,21.67,0.9656,27.3305,-12.97,1.45,87.5,97.5,90.0,47.5,32.5,79.0
119598,SBI Small Cap Fund - Regular Plan - Growth,18.93,0.7117,30.337,-28.71,1.43,80.0,70.0,100.0,50.0,90.0,78.0
119094,Axis Midcap Fund - Regular - Growth,21.29,0.7305,26.0767,-20.96,1.38,85.0,80.0,80.0,60.0,70.0,77.5
119551,SBI Bluechip Fund - Regular Plan - Growth,28.56,0.861,23.201,-15.01,1.54,100.0,90.0,77.5,26.25,42.5,76.19
149324,DSP Small Cap Fund - Regular - Growth,17.05,0.7144,30.0579,-31.17,1.52,75.0,72.5,97.5,36.25,92.5,74.81
148569,Mirae Asset Tax Saver Fund - Regular - Growth,20.89,0.919,28.2704,-16.4,1.6,82.5,95.0,92.5,11.25,52.5,73.94
149323,DSP Midcap Fund - Regular - Growth,24.69,0.8329,26.5986,-17.25,1.61,95.0,87.5,82.5,7.5,55.00000000000001,73.5
118632,Nippon India Large Cap Fund - Regular - Growth,13.18,0.7589,21.8294,-17.41,1.51,58.75,82.5,75.0,41.25,57.49999999999999,65.19
101206,ABSL Frontline Equity Fund - Regular - Growth,22.4,0.7174,21.3998,-11.29,1.6,90.0,77.5,72.5,11.25,22.5,64.81
120504,ICICI Pru Bluechip Fund - Direct - Growth,13.18,0.7147,21.1948,-12.59,0.8,58.75,75.0,70.0,72.5,30.0,64.25
118633,Nippon India Large Cap Fund - Direct - Growth,16.73,0.3888,15.6438,-18.63,0.72,72.5,50.0,47.5,88.75,65.0,63.56
125497,HDFC Top 100 Fund - Direct Plan - Growth,14.93,0.5063,17.7298,-15.2,0.92,67.5,57.49999999999999,62.5,67.5,45.0,61.75
120506,ICICI Pru Value Discovery Fund - Regular - Growth,14.23,0.4046,16.2539,-19.83,1.41,65.0,55.00000000000001,52.5,55.00000000000001,67.5,58.75
119552,SBI Bluechip Fund - Direct Plan - Growth,5.16,0.6482,19.8686,-11.8,0.66,30.0,67.5,65.0,92.5,27.500000000000004,55.5
148568,Mirae Asset Emerging Bluechip Fund - Regular - Growth,10.11,0.6407,20.873,-15.27,1.52,47.5,65.0,67.5,36.25,47.5,54.19
102887,UTI Flexi Cap Fund - Regular - Growth,17.22,0.3846,16.2113,-21.54,1.64,77.5,47.5,50.0,3.75,75.0,53.19
120503,ICICI Pru Bluechip Fund - Regular - Growth,9.85,0.5166,17.7033,-13.9,1.42,45.0,60.0,60.0,52.5,35.0,51.88
118635,Nippon India ETF Nifty 50 BeES,13.17,0.3932,15.1364,-11.65,0.89,55.00000000000001,52.5,45.0,70.0,25.0,51.62
125498,HDFC Mid-Cap Opportunities Fund - Direct - Growth,11.29,0.1348,11.9891,-21.12,0.78,50.0,37.5,37.5,77.5,72.5,50.75
119093,Axis Bluechip Fund - Direct - Growth,8.93,-0.0471,8.2328,-21.75,0.75,40.0,32.5,32.5,82.5,77.5,46.75
102885,UTI Nifty 50 Index Fund - Regular - Growth,13.11,0.5198,17.0488,-10.86,1.57,52.5,62.5,55.00000000000001,17.5,17.5,46.75
118634,Nippon India Small Cap Fund - Regular - Growth,5.81,0.2923,17.5007,-23.34,1.53,35.0,45.0,57.49999999999999,31.25,80.0,45.94
149322,DSP Top 100 Equity Fund - Regular - Growth,13.59,0.2397,13.1732,-14.84,1.54,62.5,40.0,42.5,26.25,40.0,45.19
120841,Kotak Bluechip Fund - Regular - Growth,6.33,0.2551,13.0429,-17.57,1.59,37.5,42.5,40.0,15.0,60.0,38.12
120842,Kotak Emerging Equity Fund - Regular - Growth,9.84,-0.0582,7.8044,-24.0,1.56,42.5,30.0,30.0,20.0,82.5,37.5
119599,SBI Small Cap Fund - Direct Plan - Growth,-3.46,-0.1362,4.8824,-52.57,0.72,10.0,25.0,12.5,88.75,100.0,35.06
118636,Nippon India Gilt Securities Fund - Regular - Growth,5.54,-0.8506,5.0748,-8.32,0.55,32.5,12.5,15.0,100.0,15.0,32.38
101207,ABSL Small Cap Fund - Regular - Growth,-5.57,0.0526,10.8971,-35.45,1.53,5.0,35.0,35.0,31.25,95.0,31.44
120507,ICICI Pru Liquid Fund - Regular - Growth,4.96,-3.6502,6.7462,-0.1,0.74,27.500000000000004,7.5,25.0,85.0,2.5,28.12
120844,Kotak Liquid Fund - Regular - Growth,4.52,-4.0003,6.4557,-0.12,0.6,25.0,5.0,22.5,95.0,5.0,28.0
119095,Axis Small Cap Fund - Regular - Growth,-9.74,-0.1517,4.8016,-51.68,1.38,2.5,22.5,10.0,60.0,97.5,27.12
119120,SBI Magnum Gilt Fund - Regular Plan - Growth,2.95,-0.7431,5.6209,-4.33,0.77,17.5,15.0,17.5,80.0,12.5,25.75
100025,HDFC Short Term Debt Fund - Regular - Growth,4.11,-1.0399,4.2818,-4.31,0.56,20.0,10.0,7.5,97.5,10.0,25.62
101208,ABSL Liquid Fund - Regular - Growth,4.34,-4.6504,6.0861,-0.16,0.79,22.5,2.5,20.0,75.0,7.5,23.38
102886,UTI Mid Cap Fund - Regular - Growth,-3.66,-0.2949,2.8969,-28.0,1.51,7.5,20.0,2.5,41.25,87.5,22.69
119092,Axis Bluechip Fund - Regular - Growth,0.05,-0.131,6.8995,-14.4,1.64,15.0,27.500000000000004,27.500000000000004,3.75,37.5,21.19
100016,HDFC Top 100 Fund - Regular Plan - Growth,-1.8,-0.321,3.7476,-24.73,1.55,12.5,17.5,5.0,22.5,85.0,21.0
